"File","No. of Sentences","TTR"
"1128.txt",31,0.427921092564
"2298.txt",13,0.632478632479
"265.txt",15,0.622568093385
"3860.txt",13,0.552995391705
"4545.txt",13,0.55593220339
"5065.txt",7,0.661654135338
"5316.txt",7,0.655405405405
"6144.txt",33,0.361058601134
"6519.txt",68,0.330078125
"811.txt",17,0.507177033493
"BitGCSE",217,0.272064777328
